{"cameraMode":{"drawMode":0,"name":"Shaded","section":"Shading Mode"},"sceneLighting":true,"audioPlay":false,"sceneViewState":{"m_AlwaysRefresh":false,"showFog":true,"showSkybox":true,"showFlares":true,"showImageEffects":true,"showParticleSystems":true,"showVisualEffectGraphs":true,"m_FxEnabled":true},"in2DMode":false,"pivot":{"x":-10.653181076049805,"y":-18.275728225708009,"z":39.4788818359375},"rotation":{"x":0.07786247879266739,"y":-0.0358741395175457,"z":0.0028029819950461389,"w":0.9962225556373596},"size":1.5038816928863526,"orthographic":true}