{"cameraMode":{"drawMode":0,"name":"Shaded","section":"Shading Mode"},"sceneLighting":true,"audioPlay":false,"sceneViewState":{"m_AlwaysRefresh":false,"showFog":true,"showSkybox":true,"showFlares":true,"showImageEffects":true,"showParticleSystems":true,"showVisualEffectGraphs":true,"m_FxEnabled":true},"in2DMode":false,"pivot":{"x":-12.827730178833008,"y":-17.98302459716797,"z":38.7042350769043},"rotation":{"x":0.003326789475977421,"y":-0.7211301922798157,"z":0.003472567070275545,"w":0.6926997303962708},"size":1.2247449159622193,"orthographic":false}